Date,Open,High,Low,Close,Adj Close,Volume
5/15/1997,2.4375,2.5,1.927083,1.958333,1.958333,72156000
5/16/1997,1.96875,1.979167,1.708333,1.729167,1.729167,14700000
5/19/1997,1.760417,1.770833,1.625,1.708333,1.708333,6106800
5/20/1997,1.729167,1.75,1.635417,1.635417,1.635417,5467200
5/21/1997,1.635417,1.645833,1.375,1.427083,1.427083,18853200
5/22/1997,1.4375,1.447917,1.3125,1.395833,1.395833,11776800
5/23/1997,1.40625,1.520833,1.333333,1.5,1.5,15937200
5/27/1997,1.510417,1.645833,1.458333,1.583333,1.583333,8697600
5/28/1997,1.625,1.635417,1.53125,1.53125,1.53125,4574400
5/29/1997,1.541667,1.541667,1.479167,1.505208,1.505208,3472800
5/30/1997,1.5,1.510417,1.479167,1.5,1.5,2594400
6/2/1997,1.510417,1.53125,1.5,1.510417,1.510417,591600
6/3/1997,1.53125,1.53125,1.479167,1.479167,1.479167,1183200
6/4/1997,1.479167,1.489583,1.395833,1.416667,1.416667,3080400
6/5/1997,1.416667,1.541667,1.375,1.541667,1.541667,5672400
6/6/1997,1.515625,1.708333,1.510417,1.65625,1.65625,7807200
6/9/1997,1.65625,1.708333,1.65625,1.6875,1.6875,2352000
6/10/1997,1.708333,1.708333,1.53125,1.583333,1.583333,5458800
6/11/1997,1.59375,1.604167,1.53125,1.541667,1.541667,1188000
6/12/1997,1.583333,1.645833,1.552083,1.604167,1.604167,1632000
6/13/1997,1.625,1.625,1.583333,1.583333,1.583333,693600
6/16/1997,1.604167,1.604167,1.5625,1.572917,1.572917,913200
6/17/1997,1.598958,1.598958,1.494792,1.505208,1.505208,4706400
6/18/1997,1.520833,1.536458,1.5,1.510417,1.510417,2464800
6/19/1997,1.510417,1.53125,1.5,1.510417,1.510417,1003200
6/20/1997,1.53125,1.552083,1.5,1.526042,1.526042,3387600
6/23/1997,1.541667,1.541667,1.479167,1.5,1.5,1047600
6/24/1997,1.505208,1.526042,1.479167,1.510417,1.510417,751200
6/25/1997,1.526042,1.526042,1.489583,1.510417,1.510417,2106000
6/26/1997,1.520833,1.520833,1.505208,1.510417,1.510417,3189600
6/27/1997,1.515625,1.515625,1.479167,1.489583,1.489583,1188000
6/30/1997,1.510417,1.598958,1.479167,1.541667,1.541667,2746800
7/1/1997,1.541667,1.541667,1.510417,1.515625,1.515625,1292400
7/2/1997,1.515625,1.59375,1.510417,1.588542,1.588542,3882000
7/3/1997,1.598958,1.916667,1.59375,1.911458,1.911458,12577200
7/7/1997,1.833333,2.020833,1.833333,2,2,8053200
7/8/1997,2.041667,2.333333,2.041667,2.302083,2.302083,15517200
7/9/1997,2.302083,2.385417,2.270833,2.322917,2.322917,8262000
7/10/1997,2.333333,2.572917,2.333333,2.5625,2.5625,9051600
7/11/1997,2.520833,2.520833,2.208333,2.291667,2.291667,10531200
7/14/1997,2.322917,2.333333,2.114583,2.135417,2.135417,4604400
7/15/1997,2.135417,2.479167,2.135417,2.4375,2.4375,9274800
7/16/1997,2.447917,2.494792,2.302083,2.333333,2.333333,3024000
7/17/1997,2.34375,2.34375,2.15625,2.21875,2.21875,3169200
7/18/1997,2.1875,2.21875,2.15625,2.15625,2.15625,780000
7/21/1997,2.177083,2.197917,2.145833,2.182292,2.182292,574800
7/22/1997,2.166667,2.1875,2.0625,2.135417,2.135417,1563600
7/23/1997,2.1875,2.333333,2.177083,2.291667,2.291667,3259200
7/24/1997,2.302083,2.3125,2.21875,2.260417,2.260417,1216800
7/25/1997,2.21875,2.25,2.21875,2.229167,2.229167,620400
7/28/1997,2.229167,2.395833,2.21875,2.322917,2.322917,2574000
7/29/1997,2.364583,2.5,2.333333,2.479167,2.479167,4814400
7/30/1997,2.5,2.505208,2.427083,2.447917,2.447917,2517600
7/31/1997,2.4375,2.4375,2.333333,2.395833,2.395833,1454400
8/1/1997,2.34375,2.416667,2.25,2.416667,2.416667,3588000
8/4/1997,2.375,2.411458,2.302083,2.3125,2.3125,2671200
8/5/1997,2.333333,2.333333,2.145833,2.208333,2.208333,3032400
8/6/1997,2.208333,2.3125,2.1875,2.25,2.25,1243200
8/7/1997,2.25,2.260417,2.125,2.177083,2.177083,2034000
8/8/1997,2.166667,2.302083,2.104167,2.291667,2.291667,2211600
8/11/1997,2.291667,2.333333,2.25,2.328125,2.328125,1239600
8/12/1997,2.28125,2.302083,2.197917,2.197917,2.197917,571200
8/13/1997,2.229167,2.229167,2.166667,2.197917,2.197917,590400
8/14/1997,2.177083,2.25,2.119792,2.15625,2.15625,1041600
8/15/1997,2.135417,2.15625,1.9375,2.114583,2.114583,1597200
8/18/1997,2.052083,2.052083,1.96875,2.041667,2.041667,1784400
8/19/1997,2.09375,2.208333,2.052083,2.166667,2.166667,1003200
8/20/1997,2.1875,2.1875,2.072917,2.166667,2.166667,999600
8/21/1997,2.135417,2.171875,2.072917,2.114583,2.114583,624000
8/22/1997,2.104167,2.125,2.09375,2.125,2.125,712800
8/25/1997,2.104167,2.260417,2.104167,2.21875,2.21875,1126800
8/26/1997,2.239583,2.354167,2.229167,2.34375,2.34375,2574000
8/27/1997,2.307292,2.322917,2.25,2.317708,2.317708,1392000
8/28/1997,2.302083,2.395833,2.28125,2.375,2.375,1147200
8/29/1997,2.364583,2.375,2.322917,2.338542,2.338542,722400
9/2/1997,2.34375,2.375,2.333333,2.354167,2.354167,732000
9/3/1997,2.34375,2.416667,2.3125,2.333333,2.333333,1964400
9/4/1997,2.364583,2.552083,2.34375,2.552083,2.552083,3348000
9/5/1997,2.583333,2.666667,2.458333,2.5,2.5,1908000
9/8/1997,2.53125,3.020833,2.5,3,3,5648400
9/9/1997,3.140625,3.385417,3.026042,3.239583,3.239583,8971200
9/10/1997,3.3125,3.328125,3.125,3.302083,3.302083,3866400
9/11/1997,3.333333,3.333333,3.041667,3.15625,3.15625,4262400
9/12/1997,3.1875,3.697917,3.15625,3.6875,3.6875,3333600
9/15/1997,3.666667,3.677083,3.052083,3.09375,3.09375,5583600
9/16/1997,3.125,3.541667,3.119792,3.354167,3.354167,6432000
9/17/1997,3.458333,3.5,3.333333,3.40625,3.40625,2607600
9/18/1997,3.4375,3.46875,3.28125,3.291667,3.291667,2128800
9/19/1997,3.380208,4.083333,3.375,3.947917,3.947917,8929200
9/22/1997,4,4.677083,3.947917,4.5,4.5,16938000
9/23/1997,4.489583,4.645833,4.395833,4.625,4.625,7682400
9/24/1997,4.645833,4.8125,4.291667,4.375,4.375,8200800
9/25/1997,4.34375,4.354167,4.052083,4.078125,4.078125,4968000
9/26/1997,4.072917,4.260417,4.052083,4.166667,4.166667,2731200
9/29/1997,4.145833,4.1875,3.958333,4.041667,4.041667,2371200
9/30/1997,4,4.348958,3.802083,4.338542,4.338542,5254800
10/1/1997,4.4375,4.5,3.9375,4.020833,4.020833,4999200
10/2/1997,4.041667,4.177083,3.989583,4.010417,4.010417,1876800
10/3/1997,4.083333,4.125,3.979167,4.015625,4.015625,1164000
10/6/1997,4,4.125,3.942708,4.125,4.125,2028000
10/7/1997,4.083333,4.1875,4.041667,4.057292,4.057292,1742400
10/8/1997,4.145833,4.166667,3.984375,4.005208,4.005208,2806800
10/9/1997,4,4.020833,3.739583,3.75,3.75,3950400
10/10/1997,3.729167,4.0625,3.666667,3.901042,3.901042,3787200
10/13/1997,3.927083,4.041667,3.927083,4,4,814800
10/14/1997,4.0625,4.104167,3.833333,3.979167,3.979167,1546800
10/15/1997,3.96875,3.96875,3.770833,3.921875,3.921875,2355600
10/16/1997,3.979167,3.979167,3.604167,3.625,3.625,3481200
10/17/1997,3.614583,3.65625,3.520833,3.625,3.625,2534400
10/20/1997,3.677083,3.875,3.666667,3.822917,3.822917,4912800
10/21/1997,3.958333,4.4375,3.854167,4.427083,4.427083,12096000
10/22/1997,4.416667,4.619792,4.375,4.520833,4.520833,5208000
10/23/1997,4.229167,4.5625,4.1875,4.5,4.5,5656800
10/24/1997,4.75,5.0625,4.541667,5.026042,5.026042,9492000
10/27/1997,4.802083,5.010417,4.229167,4.270833,4.270833,6091200
10/28/1997,3.916667,5,3.875,4.947917,4.947917,11719200
10/29/1997,5.145833,5.5,5,5.390625,5.390625,7126800
10/30/1997,5.208333,5.354167,5.041667,5.125,5.125,4770000
10/31/1997,5.364583,5.458333,4.96875,5.083333,5.083333,5026800
11/3/1997,5.21875,5.21875,4.947917,5.072917,5.072917,1999200
11/4/1997,5,5.052083,4.822917,4.958333,4.958333,2365200
11/5/1997,4.979167,5.119792,4.875,4.875,4.875,3093600
11/6/1997,4.916667,4.916667,4.635417,4.661458,4.661458,2913600
11/7/1997,4.416667,4.640625,4.385417,4.479167,4.479167,2626800
11/10/1997,4.5,4.5625,4.208333,4.208333,4.208333,2764800
11/11/1997,4.244792,4.3125,3.916667,3.947917,3.947917,4312800
11/12/1997,3.776042,4.1875,3.666667,3.770833,3.770833,8683200
11/13/1997,3.947917,3.96875,3.770833,3.859375,3.859375,4290000
11/14/1997,3.9375,4.208333,3.78125,4.166667,4.166667,5869200
11/17/1997,4.229167,4.541667,4.21875,4.375,4.375,7394400
11/18/1997,4.375,4.479167,4.34375,4.416667,4.416667,1866000
11/19/1997,4.40625,4.520833,4.3125,4.510417,4.510417,2534400
11/20/1997,4.572917,4.604167,4.510417,4.583333,4.583333,5923200
11/21/1997,4.552083,4.583333,4.489583,4.489583,4.489583,2602800
11/24/1997,4.375,4.416667,4.229167,4.229167,4.229167,2019600
11/25/1997,4.239583,4.333333,4.041667,4.203125,4.203125,3304800
11/26/1997,4.239583,4.411458,4.239583,4.260417,4.260417,1630800
11/28/1997,4.270833,4.333333,4.114583,4.125,4.125,1603200
12/1/1997,4.239583,4.375,4.135417,4.270833,4.270833,2383200
12/2/1997,4.260417,4.302083,4.177083,4.234375,4.234375,1262400
12/3/1997,4.197917,4.375,4.1875,4.364583,4.364583,1290000
12/4/1997,4.401042,4.552083,4.385417,4.5,4.5,3038400
12/5/1997,4.4375,4.59375,4.354167,4.59375,4.59375,2661600
12/8/1997,4.541667,4.770833,4.520833,4.708333,4.708333,4766400
12/9/1997,4.666667,4.770833,4.604167,4.6875,4.6875,1332000
12/10/1997,4.583333,4.625,4.395833,4.510417,4.510417,1444800
12/11/1997,4.395833,4.833333,4.395833,4.6875,4.6875,5014800
12/12/1997,4.645833,4.802083,4.40625,4.541667,4.541667,2672400
12/15/1997,4.583333,4.666667,4.40625,4.583333,4.583333,1694400
12/16/1997,4.645833,4.645833,4.458333,4.458333,4.458333,1687200
12/17/1997,4.375,4.458333,4.255208,4.390625,4.390625,6140400
12/18/1997,4.354167,4.427083,4.229167,4.291667,4.291667,3204000
12/19/1997,4.229167,4.520833,4.166667,4.5,4.5,4753200
12/22/1997,4.5,4.78125,4.432292,4.697917,4.697917,4352400
12/23/1997,4.6875,4.739583,4.625,4.625,4.625,1177200
12/24/1997,4.625,4.708333,4.46875,4.604167,4.604167,2336400
12/26/1997,4.5625,4.645833,4.489583,4.520833,4.520833,487200
12/29/1997,4.583333,4.78125,4.53125,4.75,4.75,2552400
12/30/1997,4.833333,4.90625,4.78125,4.848958,4.848958,6285600
12/31/1997,4.875,5.041667,4.84375,5.020833,5.020833,4446000
1/2/1998,5,5,4.796875,4.958333,4.958333,1660800
1/5/1998,4.885417,4.9375,4.708333,4.75,4.75,3590400
1/6/1998,4.697917,4.875,4.666667,4.838542,4.838542,4174800
1/7/1998,4.833333,4.833333,4.692708,4.78125,4.78125,2725200
1/8/1998,4.697917,4.703125,4.53125,4.614583,4.614583,6015600
1/9/1998,4.666667,4.666667,4.229167,4.260417,4.260417,6643200
1/12/1998,4.166667,4.385417,4.145833,4.302083,4.302083,7401600
1/13/1998,4.34375,4.666667,4.322917,4.645833,4.645833,7321200
1/14/1998,4.65625,4.875,4.625,4.875,4.875,8505600
1/15/1998,4.791667,5.010417,4.791667,4.953125,4.953125,6014400
1/16/1998,4.958333,4.979167,4.770833,4.791667,4.791667,2563200
1/20/1998,4.822917,5.010417,4.8125,4.953125,4.953125,5467200
1/21/1998,4.9375,5.166667,4.875,5.072917,5.072917,8738400
1/22/1998,5.072917,5.270833,5.020833,5.135417,5.135417,9471600
1/23/1998,5.34375,5.34375,4.9375,4.9375,4.9375,9118800
1/26/1998,4.979167,4.989583,4.739583,4.8125,4.8125,4712400
1/27/1998,4.817708,4.864583,4.666667,4.75,4.75,4104000
1/28/1998,4.75,4.833333,4.625,4.770833,4.770833,5293200
1/29/1998,4.791667,4.989583,4.78125,4.958333,4.958333,4836000
1/30/1998,5,5.0625,4.885417,4.916667,4.916667,3722400
2/2/1998,4.947917,5.208333,4.9375,5.197917,5.197917,6913200
2/3/1998,5.1875,5.25,5.09375,5.151042,5.151042,4429200
2/4/1998,5.0625,5.1875,5.052083,5.0625,5.0625,1234800
2/5/1998,5.114583,5.114583,4.875,4.9375,4.9375,5832000
2/6/1998,4.927083,5.020833,4.875,4.90625,4.90625,2122800
2/9/1998,4.916667,4.958333,4.770833,4.854167,4.854167,2626800
2/10/1998,4.875,5.317708,4.833333,5.302083,5.302083,12296400
2/11/1998,5.291667,5.463542,5.28125,5.291667,5.291667,6474000
2/12/1998,5.270833,5.302083,5.1875,5.260417,5.260417,3036000
2/13/1998,5.25,5.270833,5.145833,5.1875,5.1875,8420400
2/17/1998,5.21875,5.21875,5.072917,5.145833,5.145833,2376000
2/18/1998,5.145833,5.145833,5.052083,5.072917,5.072917,2971200
2/19/1998,5.109375,5.291667,5.083333,5.229167,5.229167,4436400
2/20/1998,5.229167,5.291667,5.114583,5.270833,5.270833,2703600
2/23/1998,5.291667,5.416667,5.208333,5.40625,5.40625,3978000
2/24/1998,5.416667,5.677083,5.354167,5.40625,5.40625,13945200
2/25/1998,5.46875,5.541667,5.260417,5.489583,5.489583,6745200
2/26/1998,5.463542,6.083333,5.4375,6.0625,6.0625,15373200
2/27/1998,6.020833,6.635417,5.984375,6.416667,6.416667,24706800
3/2/1998,6.322917,6.4375,6.25,6.354167,6.354167,10957200
3/3/1998,6.291667,6.3125,5.958333,5.979167,5.979167,8016000
3/4/1998,6,6.1875,5.833333,6.119792,6.119792,7314000
3/5/1998,5.979167,6.515625,5.9375,6.25,6.25,12001200
3/6/1998,6.302083,6.416667,6.145833,6.395833,6.395833,5887200
3/9/1998,6.40625,7.145833,6.395833,6.958333,6.958333,23055600
3/10/1998,7.125,7.354167,6.90625,6.925781,6.925781,24750000
3/11/1998,6.833333,6.875,6.520833,6.635417,6.635417,12349200
3/12/1998,6.5625,6.760417,6.427083,6.541667,6.541667,9799200
3/13/1998,6.635417,6.739583,6.479167,6.557292,6.557292,6523200
3/16/1998,6.630208,6.729167,6.583333,6.583333,6.583333,3312000
3/17/1998,6.645833,6.6875,6.489583,6.65625,6.65625,3100800
3/18/1998,6.604167,7.145833,6.604167,7.109375,7.109375,13659600
3/19/1998,7.114583,7.291667,6.979167,7,7,12115200
3/20/1998,7,7.072917,6.927083,7,7,6412800
3/23/1998,6.963542,7.0625,6.895833,6.984375,6.984375,3004800
3/24/1998,6.875,7.229167,6.875,7.020833,7.020833,5680800
3/25/1998,7.083333,7.145833,6.75,6.807292,6.807292,11289600
3/26/1998,6.8125,6.979167,6.625,6.895833,6.895833,7878000
3/27/1998,7.020833,7.260417,6.895833,7.083333,7.083333,7646400
3/30/1998,7.15625,7.291667,7.09375,7.15625,7.15625,5500800
3/31/1998,7.114583,7.208333,6.979167,7.127604,7.127604,6565200
4/1/1998,7.104167,7.53125,7.002604,7.510417,7.510417,14451600
4/2/1998,7.59375,8.0625,7.479167,7.921875,7.921875,16642800
4/3/1998,8.020833,8.03125,7.6875,7.75,7.75,11694000
4/6/1998,7.854167,7.895833,7.354167,7.385417,7.385417,11024400
4/7/1998,7.25,7.270833,7.0625,7.166667,7.166667,11634000
4/8/1998,7.197917,7.479167,7.125,7.385417,7.385417,11314800
4/9/1998,7.697917,8,7.635417,7.9375,7.9375,16034400
4/13/1998,7.90625,8.020833,7.666667,7.859375,7.859375,10980000
4/14/1998,7.822917,8.322917,7.770833,8.098958,8.098958,16323600
4/15/1998,8.166667,8.333333,7.875,8.010417,8.010417,11192400
4/16/1998,8.010417,8.276042,7.765625,8.208333,8.208333,16244400
4/17/1998,7.984375,8.104167,7.875,7.90625,7.90625,7035600
4/20/1998,7.947917,8.291667,7.8125,7.854167,7.854167,8979600
4/21/1998,7.9375,7.947917,7.59375,7.755208,7.755208,8354400
4/22/1998,7.770833,7.802083,7.25,7.270833,7.270833,11301600
4/23/1998,7.25,7.25,6.708333,6.75,6.75,12253200
4/24/1998,6.833333,7.3125,6.791667,7.072917,7.072917,16785600
4/27/1998,6.947917,7.052083,6.427083,6.895833,6.895833,18885600
4/28/1998,7.739583,8.291667,7.421875,7.96875,7.96875,69594000
4/29/1998,8.104167,8.21875,7.802083,7.958333,7.958333,31657200
4/30/1998,8.125,8.166667,7.541667,7.645833,7.645833,22485600
5/1/1998,7.729167,7.927083,7.541667,7.875,7.875,9307200
5/4/1998,7.916667,7.989583,7.78125,7.9375,7.9375,7735200
5/5/1998,7.833333,7.958333,7.760417,7.809896,7.809896,5998800
5/6/1998,7.833333,7.833333,7.510417,7.53125,7.53125,7438800
5/7/1998,7.583333,7.75,7.354167,7.583333,7.583333,13887600
5/8/1998,7.604167,7.729167,7.458333,7.697917,7.697917,4792800
5/11/1998,7.744792,7.75,7.208333,7.239583,7.239583,11372400
5/12/1998,7.3125,7.661458,7.21875,7.614583,7.614583,11636400
5/13/1998,7.541667,7.833333,7.479167,7.739583,7.739583,13944000
5/14/1998,7.666667,7.885417,7.583333,7.630208,7.630208,8600400
5/15/1998,7.65625,7.708333,7.458333,7.46875,7.46875,4628400
5/18/1998,7.5,7.552083,7.229167,7.338542,7.338542,6618000
5/19/1998,7.46875,7.552083,7.4375,7.53125,7.53125,3423600
5/20/1998,7.53125,7.625,7.354167,7.385417,7.385417,4048800
5/21/1998,7.458333,7.5,7.276042,7.395833,7.395833,3403200
5/22/1998,7.364583,7.385417,7.125,7.166667,7.166667,5862000
5/26/1998,7.171875,7.239583,6.739583,6.822917,6.822917,10884000
5/27/1998,6.697917,7.28125,6.645833,7.21875,7.21875,23234400
5/28/1998,7.270833,7.3125,7.104167,7.161458,7.161458,9412800
5/29/1998,7.15625,7.416667,7.125,7.34375,7.34375,8641200
6/1/1998,7.333333,7.375,6.942708,7.135417,7.135417,8043600
6/2/1998,7.270833,7.416667,6.916667,7.28125,7.28125,8201400
6/3/1998,7.479167,7.541667,7,7.041667,7.041667,6581400
6/4/1998,7.15625,7.322917,6.875,7.3125,7.3125,4995600
6/5/1998,7.291667,7.395833,7.1875,7.375,7.375,3427200
6/8/1998,7.302083,7.71875,7.25,7.708333,7.708333,5463000
6/9/1998,7.739583,8.645833,7.708333,8.541667,8.541667,19436400
6/10/1998,8.604167,9.375,8.5,9.020833,9.020833,24285000
6/11/1998,9.208333,10.4375,9.166667,10.416667,10.416667,35851200
6/12/1998,10.583333,10.583333,9.708333,10.166667,10.166667,21655800
6/15/1998,9.916667,11.416667,9.854167,10.958333,10.958333,33701400
6/16/1998,11.125,12.291667,11.083333,12.270833,12.270833,39167400
6/17/1998,12.645833,13.53125,12.5625,13.166667,13.166667,40265400
6/18/1998,13.5,13.75,11.958333,12.020833,12.020833,31639800
6/19/1998,11.84375,12.708333,11.333333,12.635417,12.635417,36678600
6/22/1998,12.458333,13.729167,12.041667,13.5625,13.5625,36318000
6/23/1998,13.510417,15.458333,13.416667,15.447917,15.447917,37463400
6/24/1998,15.833333,16.791668,14.854167,16.635418,16.635418,58704600
6/25/1998,16.666668,17.458332,16,16.510418,16.510418,54465000
6/26/1998,16.25,16.708332,15.625,15.708333,15.708333,31149600
6/29/1998,15.791667,16.604168,15.791667,16.458332,16.458332,24507600
6/30/1998,16.302082,16.916668,16.125,16.625,16.625,21877200
7/1/1998,16.96875,19.083332,16.791668,19.020832,19.020832,28254600
7/2/1998,19.291668,20.916668,18.75,20.666668,20.666668,52279800
7/6/1998,21.229168,23.458332,20.916668,23.25,23.25,46883400
7/7/1998,23.833332,23.958332,20.166668,20.354168,20.354168,47251800
7/8/1998,18.645832,19.833332,17.0625,17.854168,17.854168,58311600
7/9/1998,18.4375,19.416668,17.5,17.583332,17.583332,29493000
7/10/1998,17.166668,17.645832,16.354168,16.583332,16.583332,24982200
7/13/1998,16.083332,18,15.708333,17.9375,17.9375,19248000
7/14/1998,18.083332,19.291668,17.833332,19.166668,19.166668,25358400
7/15/1998,19.333332,19.5625,18.291668,18.75,18.75,17610000
7/16/1998,18.90625,19.166668,18.083332,18.895832,18.895832,13999200
7/17/1998,18.729168,20.083332,18.645832,19.96875,19.96875,17826000
7/20/1998,20.1875,23.354168,19.958332,22.916668,22.916668,35925000
7/21/1998,22.875,24.5,21.333332,22.010418,22.010418,47328000
7/22/1998,22.333332,23.3125,21.75,22.333332,22.333332,27974400
7/23/1998,21.666668,23.083332,21.166668,21.270832,21.270832,27810600
7/24/1998,21.541668,21.916668,19.5,20.708332,20.708332,28974000
7/27/1998,19.854168,21.229168,19.270832,20.927082,20.927082,28830600
7/28/1998,20.739582,21,19.666668,19.822918,19.822918,20746800
7/29/1998,20.083332,20.25,17.916668,17.96875,17.96875,19644600
7/30/1998,18.625,19.166668,17.583332,18.958332,18.958332,31774200
7/31/1998,19.083332,19.1875,18.1875,18.479168,18.479168,13440600
8/3/1998,18.291668,18.583332,17.875,18.041668,18.041668,12913200
8/4/1998,18.354168,19.020832,18.020832,18.3125,18.3125,28065000
8/5/1998,18.802082,18.854168,16.666668,17.697918,17.697918,23060400
8/6/1998,17.395832,18.75,17.177082,18.25,18.25,18603600
8/7/1998,18.541668,19.8125,18.229168,19.333332,19.333332,23433000
8/10/1998,19.5,20.3125,19.166668,20.270832,20.270832,18516000
8/11/1998,19.25,21.145832,19.208332,20.666668,20.666668,28158600
8/12/1998,21.125,21.916668,20.677082,21.729168,21.729168,20140800
8/13/1998,21.770832,22.5,21.166668,21.25,21.25,24629400
8/14/1998,21.78125,21.791668,20.041668,20.458332,20.458332,19410000
8/17/1998,20.125,20.53125,19.75,19.947918,19.947918,14617800
8/18/1998,20.197918,21.520832,19.854168,21.447918,21.447918,18000600
8/19/1998,21.875,22.291668,21.166668,21.458332,21.458332,19281600
8/20/1998,21.041668,21.625,20.916668,21.520832,21.520832,15886200
8/21/1998,21.208332,21.713543,20.541668,21.614582,21.614582,15136200
8/24/1998,21.708332,22.5,21.6875,22.458332,22.458332,13949400
8/25/1998,22.90625,22.916668,21.791668,21.9375,21.9375,14351400
8/26/1998,21.625,21.708332,21.135418,21.208332,21.208332,16390800
8/27/1998,20.729168,20.833332,19.833332,19.833332,19.833332,16027200
8/28/1998,19.958332,20.145832,17.208332,17.648438,17.648438,39036000
8/31/1998,17.572918,17.9375,13.854167,13.958333,13.958333,41000400
9/1/1998,12.6875,14.4375,10.833333,13.325521,13.325521,67450800
9/2/1998,13.854167,16,13.666667,14.645833,14.645833,47328600
9/3/1998,13.9375,15.041667,13.458333,14.3125,14.3125,25471200
9/4/1998,14.447917,15,13.666667,14.375,14.375,17812200
9/8/1998,15.666667,15.791667,15,15.375,15.375,21936600
9/9/1998,14.916667,15.395833,13.895833,14.083333,14.083333,17896200
9/10/1998,13.229167,13.416667,12.541667,13.270833,13.270833,31969800
9/11/1998,13.0625,13.479167,12.25,12.677083,12.677083,23612400
9/14/1998,13.395833,13.416667,12.25,12.28125,12.28125,15060000
9/15/1998,11.802083,12.458333,11.729167,12.166667,12.166667,17228400
9/16/1998,12.375,14.322917,11.916667,14.083333,14.083333,39118800
9/17/1998,13.40625,13.916667,12.75,12.833333,12.833333,42457800
9/18/1998,12.958333,13.53125,12.947917,13.28125,13.28125,16742400
9/21/1998,12.666667,14.479167,12.666667,14.25,14.25,23767200
9/22/1998,14.708333,15.25,14.604167,14.697917,14.697917,30305400
9/23/1998,15.135417,17.583332,15,17.520832,17.520832,45583800
9/24/1998,17.854168,19.479168,16.916668,17.020832,17.020832,51124200
9/25/1998,16.416668,18.4375,16.416668,18.208332,18.208332,36598800
9/28/1998,19.395832,20,18.645832,19.270832,19.270832,38604600
9/29/1998,19.541668,19.927082,18.583332,18.854168,18.854168,38335800
9/30/1998,18.583332,19.25,18.135418,18.604168,18.604168,29430600
10/1/1998,18,18.5,16.666668,17.104168,17.104168,34392000
10/2/1998,17.552082,18.645832,16.833332,18.375,18.375,34495800
10/5/1998,18.145832,18.5,16.833332,17.450521,17.450521,24496200
10/6/1998,18.583332,18.708332,17.333332,18.052082,18.052082,28171800
10/7/1998,17.104168,17.458332,15.208333,15.572917,15.572917,42834000
10/8/1998,13.8125,14.666667,13.333333,14.364583,14.364583,30384600
10/9/1998,15.041667,15.3125,13.958333,15.197917,15.197917,20727000
10/12/1998,16.1875,16.833332,15.5,15.53125,15.53125,21817200
10/13/1998,15.302083,15.895833,15.104167,15.229167,15.229167,10685400
10/14/1998,15.177083,16.270832,14.958333,15.583333,15.583333,15590400
10/15/1998,15.708333,16.3125,15.416667,16.177082,16.177082,16971000
10/16/1998,16.4375,16.989582,16.166668,16.572918,16.572918,21405000
10/19/1998,16.5,17.8125,16.5,17.625,17.625,16681200
10/20/1998,18.125,18.75,17.770832,17.791668,17.791668,19167600
10/21/1998,18.239582,18.375,17.604168,18.333332,18.333332,12618000
10/22/1998,17.9375,19.645832,17.895832,19.114582,19.114582,26695200
10/23/1998,19.083332,19.71875,19.020832,19.354168,19.354168,13624800
10/26/1998,19.854168,20.3125,19.458332,20.239582,20.239582,19516800
10/27/1998,20.6875,21,19.34375,19.385418,19.385418,20164200
10/28/1998,19.489582,19.916668,19.041668,19.510418,19.510418,19891800
10/29/1998,20.21875,21.208332,19.833332,21.083332,21.083332,32932200
10/30/1998,21.104168,21.635418,20.770832,21.072918,21.072918,21182400
11/2/1998,21.354168,21.90625,20.75,21.833332,21.833332,31494000
11/3/1998,21.854168,22.177082,20.958332,21.010418,21.010418,18388200
11/4/1998,21.895832,22,21.104168,21.635418,21.635418,20383200
11/5/1998,21.28125,21.6875,21.041668,21.416668,21.416668,14732400
11/6/1998,21,21.375,20.666668,20.760418,20.760418,18894000
11/9/1998,20.3125,21.239582,20.125,21.145832,21.145832,21843600
11/10/1998,21.375,23.333332,21.354168,21.958332,21.958332,34375800
11/11/1998,22.270832,22.375,20.875,21.104168,21.104168,16463400
11/12/1998,20.916668,22.145832,20.833332,21.833332,21.833332,11974800
11/13/1998,21.989582,22.25,20.953125,21.291668,21.291668,8940600
11/16/1998,21.416668,21.645832,20.583332,21.041668,21.041668,11897400
11/17/1998,21.5625,25.708332,21.416668,24.75,24.75,61141800
11/18/1998,25.270832,28.4375,25.25,27.333332,27.333332,59133600
11/19/1998,28.5,29.25,25.5,25.541668,25.541668,38895600
11/20/1998,29.166668,30.291668,27.5,30.104168,30.104168,66912600
11/23/1998,31.8125,36.416668,31.010418,36.333332,36.333332,67781400
11/24/1998,37.333332,38.854168,34.166668,35.75,35.75,81675600
11/25/1998,36.083332,37.25,34.166668,35.052082,35.052082,27522600
11/27/1998,36.208332,36.333332,35.5,36.104168,36.104168,9586800
11/30/1998,36.604168,36.708332,31.958332,32,32,29752200
12/1/1998,30.916668,34.958332,30.333332,34.916668,34.916668,47154600
12/2/1998,34.489582,34.583332,32.927082,33.25,33.25,29649000
12/3/1998,33.1875,34.083332,30.833332,31.583332,31.583332,21836400
12/4/1998,32.583332,32.833332,30.416668,31.416668,31.416668,22257600
12/7/1998,32.166668,32.333332,30.854168,31.833332,31.833332,15774000
12/8/1998,31.604168,34.3125,31.416668,34.010418,34.010418,25549800
12/9/1998,34.229168,37.385418,33.666668,36.041668,36.041668,46506600
12/10/1998,36.270832,37.333332,34.9375,35.520832,35.520832,30361800
12/11/1998,35.010418,37.333332,35,37.166668,37.166668,25467600
12/14/1998,36.854168,38.333332,36.333332,37.041668,37.041668,38751000
12/15/1998,37.833332,40.5,37.583332,40.458332,40.458332,38015400
12/16/1998,43.1875,50.291668,43.166668,48.166668,48.166668,101797200
12/17/1998,44,48.583332,43.427082,46.125,46.125,67635000
12/18/1998,47.166668,48.166668,46.3125,47.78125,47.78125,22951800
12/21/1998,50.583332,53.625,50,53.125,53.125,33384000
12/22/1998,54.489582,54.833332,51.4375,53.729168,53.729168,31760400
12/23/1998,54.666668,55,53.1875,54.166668,54.166668,14563800
12/24/1998,53.708332,54.5,53.166668,54.135418,54.135418,5413800
12/28/1998,55.166668,60.3125,54.166668,58.65625,58.65625,29898600
12/29/1998,58.333332,58.354168,54.75,55.385418,55.385418,24607800
12/30/1998,55.5,57.208332,50.645832,53.541668,53.541668,32583600
12/31/1998,52.875,55.166668,52.6875,53.541668,53.541668,18298200
1/4/1999,54.614582,59.333332,53.3125,59.15625,59.15625,39292200
1/5/1999,54.78125,64.875,53.25,62.25,62.25,62873200
1/6/1999,68.1875,70.1875,67,69,69,36176600
1/7/1999,68.5625,80.125,66.5,79.4375,79.4375,47274600
1/8/1999,92.125,99.5625,76,80.125,80.125,66662200
1/11/1999,92,92.5,83.8125,92.3125,92.3125,38923000
1/12/1999,90.25,91,79.5,81.6875,81.6875,24443200
1/13/1999,62.5,81.75,62.5,74,74,29876400
1/14/1999,75,79.625,68,69,69,20912400
1/15/1999,70,75.03125,68.8125,70.1875,70.1875,20132600
1/19/1999,75.25,75.25,68.125,69.90625,69.90625,11405400
1/20/1999,67.53125,68.5,54.875,56.5,56.5,30535200
1/21/1999,52.25,55.1875,46.28125,53,53,47048200
1/22/1999,49.75,62.9375,49.375,61.5,61.5,43765800
1/25/1999,60.75,61.6875,55,56.1875,56.1875,27323800
1/26/1999,56.3125,60.625,55.3125,57.546875,57.546875,24534800
1/27/1999,67.0625,69.875,60,62.8125,62.8125,35022600
1/28/1999,63.21875,64.375,60.125,61.4375,61.4375,23750600
1/29/1999,60.8125,60.8125,57.5,58.46875,58.46875,16396000
2/1/1999,58.875,61.15625,57.5,57.9375,57.9375,12781000
2/2/1999,58.1875,58.21875,54.25,55.125,55.125,13048600
2/3/1999,54.5,63,54.25,62.875,62.875,18791000
2/4/1999,62.625,63.375,58.125,59,59,11649600
2/5/1999,58.5,61.4375,56.15625,57.9375,57.9375,8566000
2/8/1999,57.1875,57.5625,52.875,54.5625,54.5625,12598200
2/9/1999,53.96875,54,49.96875,50,50,12826000
2/10/1999,49.125,51.6875,47.5,48.71875,48.71875,13205000
2/11/1999,50.25,55.09375,49.75,54.9375,54.9375,13793000
2/12/1999,54,54.9375,51.8125,52.25,52.25,7765400
2/16/1999,53.4375,54.25,48.5,49.3125,49.3125,7779800
2/17/1999,49.21875,51.03125,46.25,46.75,46.75,9668600
2/18/1999,48.25,48.25,42.125,44.75,44.75,21562600
2/19/1999,47.1875,51.25,45.5,50.9375,50.9375,26918200
2/22/1999,50.875,54.8125,49,53.25,53.25,19212200
2/23/1999,55.0625,58.5,54.75,57.59375,57.59375,21139200
2/24/1999,58.8125,61.09375,55.125,55.46875,55.46875,24786400
2/25/1999,58.3125,62.8125,57.3125,62.5,62.5,36689800
2/26/1999,63.375,65,60.5,64.0625,64.0625,25365400
3/1/1999,63.5,68.03125,62,66.5,66.5,19369000
3/2/1999,67.21875,67.875,60.53125,60.65625,60.65625,16603200
3/3/1999,61.875,63.75,60.125,61.75,61.75,15528800
3/4/1999,62.75,63.5,57.9375,60.0625,60.0625,17887400
3/5/1999,61.96875,62.25,59.1875,60.75,60.75,12176200
3/8/1999,60.71875,63.21875,59.625,61.09375,61.09375,10462600
3/9/1999,62.5625,66.625,61.71875,64.96875,64.96875,16292000
3/10/1999,68.375,69.46875,67,68.5625,68.5625,14117600
3/11/1999,69.875,71.375,65.5,67.4375,67.4375,16252200
3/12/1999,67,67.6875,64.3125,66.65625,66.65625,9332600
3/15/1999,66.5,69.5,65.5,69.46875,69.46875,7020800
3/16/1999,69.5,70.1875,66.375,66.90625,66.90625,7534400
3/17/1999,65.65625,66.75,64.125,65.5,65.5,7867400
3/18/1999,66.4375,70,66.1875,69.21875,69.21875,12300200
3/19/1999,70.9375,71.53125,67.5,67.53125,67.53125,10725200
3/22/1999,66.59375,68.25,65.25,66,66,6598400
3/23/1999,64.3125,64.9375,59,59.6875,59.6875,11216800
3/24/1999,58.59375,62,57,61.84375,61.84375,11543800
3/25/1999,64.46875,70,64.09375,69.9375,69.9375,16099800
3/26/1999,70,73.875,68.6875,69.53125,69.53125,24922000
3/29/1999,75,75.75,74,74.8125,74.8125,18888000
3/30/1999,76,84.75,75.765625,82.34375,82.34375,26177400
3/31/1999,85.625,89,82.5625,86.09375,86.09375,22094200
4/1/1999,89.6875,90.0625,83.75,85.5,85.5,11573200
4/5/1999,86.3125,93.75,85.875,93.25,93.25,15916800
4/6/1999,92.25,97.875,89.75,91.4375,91.4375,14531800
4/7/1999,93.3125,93.65625,85.625,87.90625,87.90625,13166600
4/8/1999,87.40625,92.0625,83,89.5,89.5,11487800
4/9/1999,89.0625,93,87.875,91.4375,91.4375,6839000
4/12/1999,88.0625,94.125,88,92.21875,92.21875,8569200
4/13/1999,93.375,96,89.125,89.1875,89.1875,8038800
4/14/1999,91,92.25,83.3125,84,84,9952800
4/15/1999,82.9375,85.25,75.5,83.625,83.625,16498400
4/16/1999,91.9375,95.75,90.34375,95,95,31660200
4/19/1999,94.5,94.5,77.5,79.46875,79.46875,28369800
4/20/1999,78.65625,87.15625,76.75,86,86,20005000
4/21/1999,86.1875,91,84.5,89.625,89.625,11082000
4/22/1999,92.15625,95.5,88.96875,95.03125,95.03125,12538200
4/23/1999,96.4375,108.25,95.875,105.0625,105.0625,31716800
4/26/1999,104.5,107.9375,102,103.59375,103.59375,13985000
4/27/1999,108.5,110.625,101,102.9375,102.9375,17895400
4/28/1999,100,101,91.1875,96.75,96.75,19473800
4/29/1999,86.21875,90.875,82.5,84.125,84.125,42208400
4/30/1999,88.5,90,82.5,86.03125,86.03125,17776400
5/3/1999,83.4375,83.53125,75.0625,75.46875,75.46875,26186400
5/4/1999,76.3125,80.25,70.25,71.5,71.5,21696400
5/5/1999,71.9375,74.125,66.9375,73.25,73.25,27709800
5/6/1999,74,75.5,67.875,68.6875,68.6875,18284400
5/7/1999,70.375,72,65.5,68.1875,68.1875,16654000
5/10/1999,68.3125,73.5,67,73.4375,73.4375,14241200
5/11/1999,75.34375,76.9375,72,74.1875,74.1875,13941400
5/12/1999,74.03125,74.3125,70.75,71.46875,71.46875,7327400
5/13/1999,72.1875,73.9375,68,68,68,11499000
5/14/1999,66.5625,67.375,64.90625,66.1875,66.1875,11266800
5/17/1999,65,69,60.75,68.8125,68.8125,20858200
5/18/1999,68.21875,68.75,65.46875,66.3125,66.3125,12407800
5/19/1999,66.96875,69.8125,66.75,69.78125,69.78125,12619200
5/20/1999,68.375,69,65.25,65.40625,65.40625,6894000
5/21/1999,65.375,66,62.875,64.28125,64.28125,8005600
5/24/1999,64.3125,64.6875,58,58.75,58.75,14253800
5/25/1999,58.625,60.5625,55.6875,55.78125,55.78125,15510200
5/26/1999,56.59375,60.9375,52.25,60.46875,60.46875,21158600
5/27/1999,59.8125,60.28125,57,57.28125,57.28125,13573400
5/28/1999,57.8125,60.1875,56,59.375,59.375,9680200
6/1/1999,55.75,56.75,52.492188,52.90625,52.90625,20076400
6/2/1999,52.375,57.5,48.5625,56.0625,56.0625,36906400
6/3/1999,56.96875,57.25,52.25,52.53125,52.53125,17311600
6/4/1999,52.8125,55,50.8125,54.21875,54.21875,19491800
6/7/1999,54.28125,59.9375,54,58.6875,58.6875,16901400
6/8/1999,60,60.6875,55.1875,55.78125,55.78125,13844400
6/9/1999,56.96875,57.25,54.875,57,57,8904200
6/10/1999,55.9375,59.0625,55.0625,57.96875,57.96875,12710600
6/11/1999,57.5625,58.5,52.375,52.90625,52.90625,13886600
6/14/1999,51.96875,52.25,44.875,46,46,20764600
6/15/1999,46.125,49.875,45.3125,48.25,48.25,18309400
6/16/1999,50.65625,56.5,50.5,55.84375,55.84375,21707200
6/17/1999,55.8125,59.5625,54.8125,56.46875,56.46875,19041400
6/18/1999,55.96875,57.25,54.75,55.65625,55.65625,7972000
6/21/1999,56.78125,61.78125,55.875,61.75,61.75,16227200
6/22/1999,61.59375,64.75,58.25,58.75,58.75,16729400
6/23/1999,57.78125,60.65625,56.0625,58.875,58.875,16429800
6/24/1999,59.0625,59.40625,56.5,56.8125,56.8125,8355200
6/25/1999,58.21875,58.75,54.0625,55.09375,55.09375,9751800
6/28/1999,55.5,55.9375,51.21875,55.34375,55.34375,16871800
6/29/1999,55.125,59.125,54.375,58.03125,58.03125,15648000
6/30/1999,58.25,64.625,57.5,62.5625,62.5625,16906200
7/1/1999,62.625,63.25,59,61.1875,61.1875,14382800
7/2/1999,61.625,63,60.375,62.03125,62.03125,7208400
7/6/1999,64,66.65625,62.75,63.4375,63.4375,14886200
7/7/1999,63.0625,63.75,60,60.9375,60.9375,9988000
7/8/1999,62.8125,63.75,60.65625,62.6875,62.6875,10624400
7/9/1999,63.0625,63.875,62.03125,62.75,62.75,5581800
7/12/1999,62.5,62.75,58,58.6875,58.6875,10653200
7/13/1999,58.125,63.59375,57.5,63.0625,63.0625,20453200
7/14/1999,63.6875,67.5,62.90625,67.5,67.5,19403600
7/15/1999,67.5,70.75,66.6875,69.78125,69.78125,22763000
7/16/1999,69.375,71.25,68.0625,68.8125,68.8125,10297400
7/19/1999,68,68.3125,65.75,65.84375,65.84375,9438400
7/20/1999,64.5625,64.6875,60.03125,60.0625,60.0625,17221800
7/21/1999,60.5,64.125,60.125,62.71875,62.71875,17134400
7/22/1999,58.21875,58.5625,52.375,53.40625,53.40625,57547200
7/23/1999,54.90625,57.375,51.59375,57.28125,57.28125,30080600
7/26/1999,55.21875,57.75,52.5,52.96875,52.96875,30627600
7/27/1999,54.5,55.1875,50.0625,50.5,50.5,23769800
7/28/1999,50.992188,53.0625,49.8125,52.875,52.875,25783600
7/29/1999,51.1875,52.1875,50,50.78125,50.78125,18748000
7/30/1999,51.0625,51.375,48.75,50.03125,50.03125,12057000
8/2/1999,49.1875,51.0625,46.96875,47,47,16967800
8/3/1999,48.5,48.5,44.8125,47.4375,47.4375,29139000
8/4/1999,46.875,48.1875,44,44.21875,44.21875,22411400
8/5/1999,43.78125,49,41,48.625,48.625,37517000
8/6/1999,48.3125,49.75,44.625,44.78125,44.78125,21218800
8/9/1999,45.75,45.75,42.28125,42.75,42.75,13041400
8/10/1999,42.6875,46.09375,41,45.5,45.5,23195000
8/11/1999,46.1875,47.625,42.59375,45.46875,45.46875,25655000
8/12/1999,45.5,47.875,44.6875,45.875,45.875,13140800
8/13/1999,47.5,48.71875,47.0625,48.71875,48.71875,10784800
8/16/1999,49.125,50.4375,47.75,49.15625,49.15625,12753200
8/17/1999,50.25,54.75,49.9375,54.625,54.625,23668800
8/18/1999,57.5625,58.75,56.25,56.5625,56.5625,28415400
8/19/1999,55.375,55.59375,52.5625,53.0625,53.0625,18285000
8/20/1999,53.125,56.78125,52.5625,56.71875,56.71875,14281200
8/23/1999,57.96875,60.25,57.875,59.1875,59.1875,19206000
8/24/1999,58,62.75,57.96875,60.03125,60.03125,25010000
8/25/1999,61.40625,66.5,60.75,66.4375,66.4375,20941400
8/26/1999,66.5,67.78125,63.75,64.28125,64.28125,19244200
8/27/1999,65.25,65.265625,62.5,64.25,64.25,12922800
8/30/1999,63.78125,65,58.9375,59.625,59.625,18494400
8/31/1999,59.1875,62.34375,56.09375,62.1875,62.1875,32792400
9/1/1999,63.5,63.5,58.75,59.53125,59.53125,21961600
9/2/1999,57.5,61.9375,57.375,60.0625,60.0625,16838700
9/3/1999,63.625,64,60.625,62.4375,62.4375,16435900
9/7/1999,63.8125,64.375,62.125,62.9375,62.9375,9008700
9/8/1999,62,63.25,60.9375,61.4375,61.4375,6976000
9/9/1999,63.5,64.4375,62.375,63.625,63.625,9183200
9/10/1999,65.9375,68,64.875,66.5,66.5,12420900
9/13/1999,65.625,66,62.5,63.3125,63.3125,7747600
9/14/1999,62.75,66.4375,62.75,66,66,8782800
9/15/1999,67.75,67.9375,65,65.5625,65.5625,7817300
9/16/1999,64.9375,65.8125,62.75,65.25,65.25,7058900
9/17/1999,65.625,66,62.75,63.8125,63.8125,7239500
9/20/1999,63.6875,65,62.6875,62.75,62.75,5957100
9/21/1999,61.625,63.9375,61,62.25,62.25,8232500
9/22/1999,62.875,66.5,60.6875,66,66,10037500
9/23/1999,67,68.75,61.234375,62.25,62.25,14373600
9/24/1999,62,66,61.5,65,65,10972500
9/27/1999,66.1875,67.875,61.875,62.5625,62.5625,14383100
9/28/1999,62.5,66.5,61.125,65.875,65.875,15768800
9/29/1999,66.5,85,65.75,80.75,80.75,79374400
9/30/1999,79.8125,81.5,76.25,79.9375,79.9375,31046200
10/1/1999,77,79.25,76.65625,77.25,77.25,10430300
10/4/1999,79.4375,79.75,75.75,77.0625,77.0625,9757400
10/5/1999,77.125,79.75,74.75,78.4375,78.4375,16420100
10/6/1999,79.5625,83.625,79.5,82.4375,82.4375,15532200
10/7/1999,85.625,90,83.5,87.3125,87.3125,24609400
10/8/1999,86.875,89.5,84.4375,89.25,89.25,11458700
10/11/1999,89.125,89.375,86.75,88.375,88.375,6692400
10/12/1999,87.6875,88.5,84.875,84.9375,84.9375,7231400
10/13/1999,82.5,85,79.5625,79.9375,79.9375,11561800
10/14/1999,80.5,83.375,78.4375,79.59375,79.59375,12713000
10/15/1999,75.875,77.0625,73.9375,75.0625,75.0625,12186900
10/18/1999,75.0625,76.5,71.0625,74.0625,74.0625,10793800
10/19/1999,77.625,78.25,75.625,76.625,76.625,7780000
10/20/1999,78.3125,80.625,76.34375,80.5,80.5,7735500
10/21/1999,77.9375,82.8125,77.0625,80.75,80.75,8961000
10/22/1999,81.4375,83.625,78,78.625,78.625,7304800
10/25/1999,79,83,77.9375,82.75,82.75,7180900
10/26/1999,83.125,84.3125,80.125,81.25,81.25,7711500
10/27/1999,79.375,79.375,74.8125,75.9375,75.9375,12835200
10/28/1999,69.5,73.125,65.875,71,71,35726400
10/29/1999,72.75,72.8125,69.25,70.625,70.625,9688800
11/1/1999,68.0625,71.875,66.3125,69.125,69.125,12824100
11/2/1999,69.75,70,65.0625,66.4375,66.4375,13243200
11/3/1999,68.1875,68.5,65,65.8125,65.8125,10772100
11/4/1999,67.1875,67.875,61,63.0625,63.0625,16759200
11/5/1999,64.75,65.5,62.25,64.9375,64.9375,11091400
11/8/1999,64.8125,80,63.5,78,78,32339400
11/9/1999,82,83.0625,70,70.8125,70.8125,26477100
11/10/1999,71.5625,75,70.125,72,72,11506700
11/11/1999,74.75,76.625,71.375,73,73,9293900
11/12/1999,73.75,75,70.8125,74.9375,74.9375,10319600
11/15/1999,75.625,76,73.3125,73.5,73.5,6437200
11/16/1999,74.25,79.625,73.75,78.9375,78.9375,15238700
11/17/1999,77.9375,80,75.4375,76.5,76.5,6657400
11/18/1999,76.75,78.1875,75.25,77.9375,77.9375,5810400
11/19/1999,77.875,78.125,76.0625,77.9375,77.9375,5760600
11/22/1999,77.875,82.5,76,80.5,80.5,10708400
11/23/1999,80.375,85.625,76.25,81.75,81.75,18332500
11/24/1999,84.25,87.75,83.25,87.25,87.25,14483100
11/26/1999,91.0625,95.125,90.625,93.125,93.125,11496000
11/29/1999,95.5,96.875,90.125,90.4375,90.4375,18053700
11/30/1999,88.265625,88.875,83.8125,85.0625,85.0625,13465500
12/1/1999,87.25,87.875,81.96875,85,85,10663600
12/2/1999,86,91.3125,85.625,89.0625,89.0625,9538700
12/3/1999,92.5,93.375,86.0625,86.5625,86.5625,11151200
12/6/1999,86.875,89.875,84.6875,87.75,87.75,9199200
12/7/1999,88,88,84.375,86.0625,86.0625,6727100
12/8/1999,86.8125,93,86,88.5625,88.5625,12867200
12/9/1999,95.5,113,93.4375,103.625,103.625,41364600
12/10/1999,111.9375,112,104.4375,106.6875,106.6875,14929000
12/13/1999,106.625,106.625,101.5,102.5,102.5,8653700
12/14/1999,103.75,104,93.5625,95.625,95.625,10107900
12/15/1999,92.875,99.4375,91,96.5,96.5,10133500
12/16/1999,98.25,98.75,93.5,94.875,94.875,7004400
12/17/1999,97.1875,97.625,93.8125,94.0625,94.0625,5955900
12/20/1999,97.75,102,95.0625,97,97,10566600
12/21/1999,96.5625,100.4375,95.5,99.875,99.875,9509500
12/22/1999,100.5625,100.5625,95.5,97.6875,97.6875,5921000
12/23/1999,98,99,89.0625,90,90,12914600
12/27/1999,87.75,88.25,80,81.125,81.125,16523800
12/28/1999,83.0625,86.5,81.5625,82.3125,82.3125,10304300
12/29/1999,83.4375,85.375,82.625,83.5,83.5,5913000
12/30/1999,84.625,85.125,78.5,79.0625,79.0625,9256600
12/31/1999,79.3125,79.375,76,76.125,76.125,7270700
1/3/2000,81.5,89.5625,79.046875,89.375,89.375,16117600
1/4/2000,85.375,91.5,81.75,81.9375,81.9375,17487400
1/5/2000,70.5,75.125,68,69.75,69.75,38457400
1/6/2000,71.3125,72.6875,64,65.5625,65.5625,18752000
1/7/2000,67,70.5,66.1875,69.5625,69.5625,10505400
1/10/2000,72.5625,72.625,65.5625,69.1875,69.1875,14757900
1/11/2000,66.875,70,65,66.75,66.75,10532700
1/12/2000,67.875,68,63,63.5625,63.5625,10804500
1/13/2000,64.9375,67.1875,63.125,65.9375,65.9375,10448100
1/14/2000,66.75,68.625,64,64.25,64.25,6853600
1/18/2000,63.4375,65.1875,63,64.125,64.125,5384900
1/19/2000,64.125,67.5,63,66.8125,66.8125,8245500
1/20/2000,66.9375,67,63.9375,64.75,64.75,5978000
1/21/2000,64.625,64.625,60,62.0625,62.0625,11461900
1/24/2000,67.5625,73.375,67.5,70.125,70.125,29170200
1/25/2000,70,71.25,66,69.25,69.25,9434100
1/26/2000,68.625,70,64.75,64.8125,64.8125,6558000
1/27/2000,65.1875,67.75,64.625,66.9375,66.9375,6784000
1/28/2000,65,66.4375,60,61.6875,61.6875,13777900
1/31/2000,60.375,64.75,58.4375,64.5625,64.5625,10697900
2/1/2000,67.5,70.625,64.375,67.4375,67.4375,13404600
2/2/2000,67.9375,72.25,67.75,69.4375,69.4375,14025900
2/3/2000,81.125,85.9375,77.375,84.1875,84.1875,43750000
2/4/2000,82.75,82.75,77.875,78.5625,78.5625,11023000
2/7/2000,76.1875,76.875,73.125,75,75,10129000
2/8/2000,74,84,73.4375,83.125,83.125,19472800
2/9/2000,80.546875,83.734375,80.015625,80.25,80.25,9580400
2/10/2000,78.5,79.875,75.5,76.1875,76.1875,9979600
2/11/2000,77.125,79.125,75.5,76.1875,76.1875,8309000
2/14/2000,75.6875,75.75,73.5625,74.4375,74.4375,5169700
2/15/2000,73.4375,76.1875,70.625,73.8125,73.8125,6424500
2/16/2000,72.75,73.4375,70.625,70.6875,70.6875,4260200
2/17/2000,71.25,71.3125,68,69,69,6129600
2/18/2000,68.4375,69,63.875,64.75,64.75,8726400
2/22/2000,64.9375,66.5,63.0625,63.5625,63.5625,5685800
2/23/2000,64.875,71.75,64.6875,70.4375,70.4375,8441200
2/24/2000,70.5625,71.375,65.625,68.4375,68.4375,5869300
2/25/2000,67.4375,69.375,65.1875,69.125,69.125,4870500
2/28/2000,66.5625,67.1875,64.125,65.75,65.75,5057700
2/29/2000,66,68.96875,65.875,68.875,68.875,7148500
3/1/2000,67.625,68.5,65,65.875,65.875,5576700
3/2/2000,64.9375,65,62.1875,62.5625,62.5625,7980100
3/3/2000,63.25,64.75,62.0625,62.5,62.5,6059500
3/6/2000,62.875,67.25,62.8125,63.9375,63.9375,7665800
3/7/2000,64.875,65.8125,62.125,63.5,63.5,4178800
3/8/2000,63.25,64.75,60.5625,63.625,63.625,5940700
3/9/2000,63,69,62.1875,68.8125,68.8125,8312500
3/10/2000,67.25,68.53125,65,66.875,66.875,3713500
3/13/2000,64,66.625,63,65.3125,65.3125,5634300
3/14/2000,66.0625,66.9375,63.375,65.625,65.625,4805300
3/15/2000,64.75,65.125,62,63.75,63.75,6082700
3/16/2000,62.25,66.375,60,66.25,66.25,9703100
3/17/2000,66.0625,66.375,64.5,64.8125,64.8125,5298500
3/20/2000,63.5,64.5,62.375,64.1875,64.1875,5813500
3/21/2000,65.125,73,62.25,72.375,72.375,17082900
3/22/2000,70.875,74,69.25,70.6875,70.6875,11566400
3/23/2000,69.5,70.9375,67.5,67.6875,67.6875,5442100
3/24/2000,74.625,75.25,71.3125,72.6875,72.6875,9746000
3/27/2000,72.25,75.125,71.75,73.125,73.125,4748600
3/28/2000,72.375,72.75,69.46875,70.125,70.125,5197600
3/29/2000,69.5,69.875,65,66.25,66.25,5886500
3/30/2000,64.5,67.375,64,66.5,66.5,5034000
3/31/2000,66.75,67.125,63,67,67,5115500
4/3/2000,65.4375,65.6875,62,63.5625,63.5625,4865400
4/4/2000,62.875,65.4375,55.75,63.9375,63.9375,14318000
4/5/2000,61.75,64.9375,60.5,62.1875,62.1875,4900000
4/6/2000,63.4375,65.5,61.875,64.25,64.25,6032700
4/7/2000,65.125,68.625,64.125,67.5625,67.5625,6052300
4/10/2000,67.25,68.4375,63.25,63.375,63.375,4523600
4/11/2000,62.5,66,61.25,63.375,63.375,4706600
4/12/2000,64,64.375,56.25,56.375,56.375,8695500
4/13/2000,57.875,58.75,47.9375,48,48,10679000
4/14/2000,47.875,52.375,40.8125,46.875,46.875,20074500
4/17/2000,45.25,52,44.625,47.0625,47.0625,12180900
4/18/2000,47.625,56.25,47.125,54.9375,54.9375,10735000
4/19/2000,55.3125,55.3125,51.6875,53.4375,53.4375,5373800
4/20/2000,53.375,53.6875,49.875,52.375,52.375,4925300
4/24/2000,49.375,51.5625,44.875,49.8125,49.8125,6693300
4/25/2000,51.8125,54.125,50.25,52.4375,52.4375,7150400
4/26/2000,53.3125,57.4375,52.453125,53.5,53.5,12006400
4/27/2000,49.3125,55.25,48.5,52.875,52.875,11266000
4/28/2000,54,55.625,53.125,55.1875,55.1875,6833800
5/1/2000,56,60.3125,55.25,59.9375,59.9375,8578500
5/2/2000,59.1875,60,55.875,56.125,56.125,7427900
5/3/2000,55.25,56.5625,53,54.125,54.125,5424800
5/4/2000,54.25,56.5,53.125,55.0625,55.0625,4725200
5/5/2000,54.625,58.625,54.125,58.5,58.5,4062100
5/8/2000,56.8125,59.25,55.4375,56.015625,56.015625,3950000
5/9/2000,56.5,57.75,53,56.25,56.25,4551800
5/10/2000,54.53125,55.375,49,53.3125,53.3125,8711500
5/11/2000,53.9375,55.75,50.9375,54.875,54.875,5580800
5/12/2000,54.6875,56.5,53.125,53.75,53.75,3969600
5/15/2000,53.625,56.5,50.875,56.0625,56.0625,4125400
5/16/2000,57.125,59.875,56,59.0625,59.0625,6432200
5/17/2000,57.1875,62.375,57,61,61,6998600
5/18/2000,60.375,60.875,55.125,55.375,55.375,4727000
5/19/2000,54.625,55.75,52.25,52.625,52.625,4610900
5/22/2000,53,53.125,46.875,51.875,51.875,8272800
5/23/2000,50.5,51.875,46.5,46.6875,46.6875,5837200
5/24/2000,46.4375,49.75,40.4375,48.5625,48.5625,11666600
5/25/2000,49.5,50,45.5,45.5,45.5,4919500
5/26/2000,46.25,47.75,44,46.5,46.5,3621000
5/30/2000,47.3125,51.875,47.3125,51.75,51.75,5613200
5/31/2000,50.75,52.25,48.125,48.3125,48.3125,6882000
6/1/2000,48.875,51.125,46.375,50.1875,50.1875,7622200
6/2/2000,52.375,58.125,52.25,57.875,57.875,8322500
6/5/2000,55.03125,56.25,52.5,54.5,54.5,6813200
6/6/2000,54,54.5625,50.25,50.5625,50.5625,4853100
6/7/2000,51.875,52.1875,50.125,51.8125,51.8125,3841200
6/8/2000,52.5625,53.4375,51.625,51.875,51.875,3040300
6/9/2000,51.9375,53.25,51.875,52.1875,52.1875,1922300
6/12/2000,52.1875,52.1875,47,48.4375,48.4375,3986000
6/13/2000,48.1875,49.5,46.25,49,49,4788500
6/14/2000,49.3125,49.875,46,46.4375,46.4375,5020500
6/15/2000,47,47.9375,45.3125,46.3125,46.3125,3554700
6/16/2000,47.25,47.4375,45.375,46,46,3070900
6/19/2000,45.5,45.875,43.5,45.3125,45.3125,5151500
6/20/2000,45.875,48.625,45.125,46.125,46.125,6199100
6/21/2000,45.4375,46.9375,45.0625,46.0625,46.0625,3573300
6/22/2000,46.1875,46.4375,41.625,42,42,10516100
6/23/2000,36.625,37,32.46875,33.875,33.875,51838200
6/26/2000,35.3125,35.328125,32.8125,33.9375,33.9375,21076400
6/27/2000,33.75,38.5,33.5,36.5,36.5,17638200
6/28/2000,36.875,39.9375,36.125,37.875,37.875,14874300
6/29/2000,37.125,38.5,36.125,37.125,37.125,8986500
6/30/2000,37,37.25,35.5,36.3125,36.3125,6451900
7/3/2000,36.6875,37.5,36.5,37,37,1762400
7/5/2000,37,38.5,36.375,36.5,36.5,4213600
7/6/2000,36.875,37.375,34.75,36.0625,36.0625,6767100
7/7/2000,36.125,37,35.25,36.125,36.125,3870600
7/10/2000,36.375,36.375,35,35.0625,35.0625,4240600
7/11/2000,35.1875,35.25,32.625,33.125,33.125,9896500
7/12/2000,35.4375,36.125,34.25,35.0625,35.0625,11265900
7/13/2000,35.625,36,34.875,35,35,8597500
7/14/2000,36.375,43.203125,36.3125,42.625,42.625,22436100
7/17/2000,42.875,43.9375,40.25,41.125,41.125,6530000
7/18/2000,40.125,43.625,39.5,41.75,41.75,7958400
7/19/2000,41.5,41.5625,39,40.875,40.875,4743700
7/20/2000,40.9375,43.375,39.5,40.3125,40.3125,6945700
7/21/2000,40.4375,42.5,40.4375,41.125,41.125,4712900
7/24/2000,41.0625,41.375,38.0625,38.75,38.75,5778200
7/25/2000,36.75,38.75,33.25,37.625,37.625,27752500
7/26/2000,35.0625,36.71875,34.0625,36.0625,36.0625,15547800
7/27/2000,31.4375,32,29.75,31.375,31.375,23579300
7/28/2000,31.4375,32.125,29,30,30,12447000
7/31/2000,30.0625,30.25,27.875,30.125,30.125,9478800
8/1/2000,30.625,32.25,30.25,30.25,30.25,8156400
8/2/2000,30.25,32,30.21875,30.8125,30.8125,4952900
8/3/2000,29.4375,31.75,29.3125,31.5,31.5,5144100
8/4/2000,31.9375,34.1875,31.5,32.5,32.5,4871100
8/7/2000,32,34.25,31.625,33.8125,33.8125,4403100
8/8/2000,33.25,33.375,32.4375,32.9375,32.9375,5050600
8/9/2000,32.375,32.375,30.375,30.875,30.875,8874400
8/10/2000,31.5,31.75,29.75,30.4375,30.4375,6073000
8/11/2000,30.5,34,30.3125,33.6875,33.6875,9116200
8/14/2000,33.5,35.1875,32.6875,34.875,34.875,6217200
8/15/2000,34.625,38.3125,34.375,37.5625,37.5625,8497200
8/16/2000,37.5625,39.875,37.53125,38.625,38.625,9833200
8/17/2000,38,39.0625,36.875,38.25,38.25,4974100
8/18/2000,39.25,40.125,38.9375,39,39,7371100
8/21/2000,39.09375,39.875,36.5,37.5,37.5,4037500
8/22/2000,38.125,38.1875,36.0625,36.5,36.5,3508200
8/23/2000,36.375,39.5,35,38.8125,38.8125,4721300
8/24/2000,39.5625,40.5,38.8125,39.375,39.375,4719000
8/25/2000,39.125,40.0625,38.5625,39.9375,39.9375,2708600
8/28/2000,38.8125,42.5,38.5625,39.125,39.125,9178500
8/29/2000,39.5,40.875,38.875,39.625,39.625,4521100
8/30/2000,42.375,43.96875,42,42.9375,42.9375,12919600
8/31/2000,43.125,43.1875,41.4375,41.5,41.5,4616300
9/1/2000,42.125,42.5,41,41.5,41.5,3347100
9/5/2000,40.9375,46.3125,40.25,45.6875,45.6875,10168200
9/6/2000,47.25,49.625,45.6875,45.875,45.875,14263200
9/7/2000,46.8125,47,43,43.5,43.5,7406200
9/8/2000,44.0625,45,42.5,42.9375,42.9375,5088900
9/11/2000,42.625,45.21875,42.1875,42.375,42.375,5447100
9/12/2000,43.375,44.1875,42.25,42.6875,42.6875,3821500
9/13/2000,41.3125,43.125,41,42.4375,42.4375,4085000
9/14/2000,44.1875,46,43.75,44.875,44.875,6963500
9/15/2000,45.375,45.4375,42.875,43.625,43.625,6180200
9/18/2000,43.5,44.625,41.875,42.8125,42.8125,4445200
9/19/2000,42.0625,42.75,39.125,40.75,40.75,7230800
9/20/2000,40.4375,40.5,37.375,37.5,37.5,9744800
9/21/2000,37.4375,40.5,37.25,40.0625,40.0625,7425600
9/22/2000,38.375,42.125,38.3125,41.4375,41.4375,5996200
9/25/2000,41.21875,42.5625,40,40.375,40.375,5459900
9/26/2000,40.625,41.125,39.5625,39.75,39.75,4260400
9/27/2000,38.6875,39.625,35.5,37.875,37.875,10030900
9/28/2000,37.3125,40.25,37.125,40,40,5857900
9/29/2000,39,41.25,37.625,38.4375,38.4375,6517100
10/2/2000,38.1875,38.4375,35.25,35.875,35.875,5477700
10/3/2000,36.75,37.25,35,35.0625,35.0625,5379900
10/4/2000,33.4375,37.0625,32.5,36,36,7841100
10/5/2000,35.1875,36.625,32,33.5625,33.5625,6966300
10/6/2000,32.5,33.25,30.1875,31.5625,31.5625,8871100
10/9/2000,30.25,30.5625,27.375,30.0625,30.0625,12727500
10/10/2000,29.75,32.71875,28.875,30.4375,30.4375,7265500
10/11/2000,27.9375,30.25,27.625,27.8125,27.8125,7889700
10/12/2000,28.375,28.8125,24.625,25.125,25.125,8032600
10/13/2000,24.25,28.875,23.5,28.4375,28.4375,7633400
10/16/2000,28.125,28.3125,24.125,24.3125,24.3125,7147700
10/17/2000,24.875,25.1875,20.875,21.9375,21.9375,15140500
10/18/2000,19.875,25.375,19.375,25.125,25.125,18788700
10/19/2000,26.5625,28.125,24.1875,27.75,27.75,10874900
10/20/2000,27.6875,31.25,27.125,30.8125,30.8125,11621900
10/23/2000,29.6875,30.375,27.625,30,30,10199600
10/24/2000,29.875,33.875,28.8125,29.5625,29.5625,13676600
10/25/2000,34,36.5,31.75,31.875,31.875,28572900
10/26/2000,32.1875,37.5,31,36.875,36.875,17825500
10/27/2000,33.9375,37.5,33.875,35.625,35.625,12370700
10/30/2000,33.0625,34.375,30.265625,32.875,32.875,12510200
10/31/2000,32.6875,36.875,32.0625,36.625,36.625,9919500
11/1/2000,35.8125,40,35.6875,37.375,37.375,11099200
11/2/2000,38.0625,39.875,37.5,39.75,39.75,6989700
11/3/2000,39,40.875,36.875,37.5625,37.5625,5962400
11/6/2000,38.5625,38.625,34.75,36.5625,36.5625,6444600
11/7/2000,36.5,39.4375,35.5625,36.9375,36.9375,5495300
11/8/2000,36,37,33.25,33.875,33.875,5835300
11/9/2000,32.6875,33,29.875,31.25,31.25,7169600
11/10/2000,30.75,31.875,30,30.0625,30.0625,5255600
11/13/2000,28.8125,30.109375,27.4375,27.8125,27.8125,8377500
11/14/2000,28.75,29.875,25.75,28.9375,28.9375,7837900
11/15/2000,28.625,30.8125,28.4375,29.5,29.5,5263200
11/16/2000,28.6875,30.5,27.75,27.8125,27.8125,4134800
11/17/2000,28,29.625,26.875,27.4375,27.4375,4996000
11/20/2000,26,27.9375,25,25.8125,25.8125,6438300
11/21/2000,26.625,26.875,23.625,24.25,24.25,6197500
11/22/2000,23.875,27.5,22.125,25.1875,25.1875,11877100
11/24/2000,26.421875,29.125,26.0625,28.9375,28.9375,7639300
11/27/2000,29.75,30.75,27,28,28,6411400
11/28/2000,26,26.1875,24.625,25.03125,25.03125,11327500
11/29/2000,25.125,27.5,24.25,26.9375,26.9375,11463200
11/30/2000,24.75,26.1875,22.875,24.6875,24.6875,13123500
12/1/2000,24.9375,26.75,23,24.625,24.625,7757400
12/4/2000,25.1875,27.1875,23.25,26.5625,26.5625,8255500
12/5/2000,27.125,27.625,24.75,25.375,25.375,9969900
12/6/2000,24.6875,26,23.625,23.625,23.625,8825800
12/7/2000,23.0625,23.4375,20.125,21.375,21.375,10647500
12/8/2000,23.3125,24.6875,21.25,23.4375,23.4375,12969800
12/11/2000,22.875,26.125,21.75,25.3125,25.3125,10904200
12/12/2000,24.5,27.5,24.3125,25.875,25.875,7306800
12/13/2000,26.5625,26.625,23.5,23.75,23.75,6281800
12/14/2000,24.0625,24.6875,22.59375,22.6875,22.6875,7020800
12/15/2000,22.25,24.25,22,22.875,22.875,8713700
12/18/2000,20.75,21.1875,18.9375,19.875,19.875,16035200
12/19/2000,20.3125,20.875,17.375,18.25,18.25,13218500
12/20/2000,16.1875,17.875,15.625,16.6875,16.6875,22050700
12/21/2000,16.375,17.75,14.875,15.1875,15.1875,8851400
12/22/2000,15.3125,16.546875,15.25,15.5625,15.5625,9387000
12/26/2000,16.3125,18.5,16.25,16.9375,16.9375,9012800
12/27/2000,16,17.4375,15.5625,16.875,16.875,6598800
12/28/2000,16.625,18.25,16.625,17.375,17.375,8455600
12/29/2000,16.75,17.125,15,15.5625,15.5625,9849700
1/2/2001,15.8125,16,13.625,13.875,13.875,9203500
1/3/2001,13.625,17.875,13.5625,17.5625,17.5625,14680400
1/4/2001,17,17.5625,15.4375,15.5,15.5,10620500
1/5/2001,15.5,15.875,13.5625,14.5625,14.5625,8798800
1/8/2001,14.4375,15.5625,13.75,14.9375,14.9375,10444700
1/9/2001,14.5625,16.625,14.5625,16.375,16.375,23455200
1/10/2001,15.84375,17,15.5625,16.5,16.5,11002500
1/11/2001,15.75,17.3125,15.625,17,17,12756600
1/12/2001,17.34375,18.5,17.125,17.6875,17.6875,8434200
1/16/2001,18.3125,18.375,17.25,18.0625,18.0625,6017000
1/17/2001,18.875,19.5625,17.75,18.375,18.375,9166000
1/18/2001,18.375,19.5,17.9375,19.5,19.5,4115800
1/19/2001,20.375,20.375,18.6875,19.9375,19.9375,6177500
1/22/2001,19.5,19.9375,18.5,18.5,18.5,4398600
1/23/2001,18.375,19.3125,18.25,18.953125,18.953125,4744300
1/24/2001,19.1875,22.375,19,21.875,21.875,13848100
1/25/2001,21.6875,21.75,19,19,19,7066400
1/26/2001,18.9375,20.5,18.875,19.5,19.5,5094600
1/29/2001,19.125,20.75,18.8125,20.125,20.125,7713000
1/30/2001,20.5625,20.6875,18.671875,18.9375,18.9375,12273300
1/31/2001,18.9375,19.5625,17.0625,17.3125,17.3125,20475800
2/1/2001,17.1875,17.1875,15.75,16.25,16.25,9468700
2/2/2001,16.125,16.1875,14.25,14.375,14.375,12101100
2/5/2001,14.625,14.9375,14.3125,14.4375,14.4375,9189800
2/6/2001,13.8125,15.875,13.5625,15.8125,15.8125,19075900
2/7/2001,15.1875,15.8125,14.5625,15,15,7567900
2/8/2001,15.3125,15.875,14.375,14.375,14.375,5295200
2/9/2001,14.3125,14.75,13.375,13.375,13.375,7454000
2/12/2001,14.125,15,13.703125,14.5,14.5,5295300
2/13/2001,15,15.0625,13.75,13.75,13.75,4795400
2/14/2001,14.125,14.75,13.5,14.4375,14.4375,8123400
2/15/2001,13.5,14.625,13.5,14.5,14.5,16384500
2/16/2001,13.625,14.125,13.3125,13.6875,13.6875,6490600
2/20/2001,13.625,13.6875,12.4375,12.5,12.5,6589100
2/21/2001,12.25,12.5,11.3125,11.9375,11.9375,7552600
2/22/2001,12,12.125,11.375,11.9375,11.9375,8249200
2/23/2001,11.875,12.0625,11.0625,11.8125,11.8125,5149900
2/26/2001,12.0625,12.25,11.5,11.9375,11.9375,6229100
2/27/2001,11.8125,12.125,11.625,11.75,11.75,7732600
2/28/2001,11.25,11.75,9.9375,10.1875,10.1875,14629800
3/1/2001,9.875,10.6875,9.59375,10.4375,10.4375,10996700
3/2/2001,10.03125,10.625,10,10,10,7545600
3/5/2001,12.375,13.0625,11.5,12.625,12.625,23500700
3/6/2001,13.078125,14,11.25,11.875,11.875,23191500
3/7/2001,11.9375,12.5625,11.4375,12.25,12.25,10644100
3/8/2001,11.9375,12,11.625,11.6875,11.6875,4957600
3/9/2001,11.4375,12.5,11.375,12.25,12.25,8856700
3/12/2001,11.375,11.6875,10.5,10.625,10.625,5716500
3/13/2001,10.8125,11.0625,10.5,11,11,3330700
3/14/2001,10.25,10.9375,10.125,10.625,10.625,3124400
3/15/2001,11.375,11.4375,10.8125,10.875,10.875,5824900
3/16/2001,10.625,11.0625,10.25,11,11,6984200
3/19/2001,11.1875,11.3125,10.125,10.5,10.5,6774500
3/20/2001,10.5625,11.5,10.125,10.25,10.25,6294700
3/21/2001,10.375,10.4375,10,10,10,5506600
3/22/2001,10.0625,10.25,9.5625,10.1875,10.1875,6594600
3/23/2001,10.5625,10.8125,9.9375,10.1875,10.1875,3754400
3/26/2001,10.7,11.29,10.62,10.94,10.94,6850600
3/27/2001,10.92,11.8,10.51,11.64,11.64,5603200
3/28/2001,11.1,11.16,10.75,10.8,10.8,3386900
3/29/2001,10.57,11.03,10,10,10,4638400
3/30/2001,10.12,10.84,9.91,10.23,10.23,3558400
4/2/2001,10.33,10.53,8.5,9.1,9.1,8803900
4/3/2001,8.71,9.15,8.5,8.63,8.63,4865700
4/4/2001,8.57,9,8.1,8.4,8.4,5708100
4/5/2001,9.02,9.3,8.72,9.12,9.12,5424200
4/6/2001,8.9,8.9,8.2,8.37,8.37,5281100
4/9/2001,11.84,11.9,10.7,11.18,11.18,23405700
4/10/2001,11.24,13.5,11.2,12.01,12.01,18860400
4/11/2001,13.1,13.65,12.18,13.32,13.32,13421800
4/12/2001,13.05,15.01,13,14.67,14.67,11530000
4/16/2001,14.5,14.54,13.65,14.03,14.03,6310100
4/17/2001,13.81,14.87,13.75,14.74,14.74,5073500
4/18/2001,15.66,18.16,15.55,16.540001,16.540001,19555000
4/19/2001,16.9,16.9,15.69,15.99,15.99,8742600
4/20/2001,15.62,16.200001,14.97,15.78,15.78,8522100
4/23/2001,16.389999,17.459999,16.02,16.200001,16.200001,11689600
4/24/2001,16.440001,16.799999,15.48,15.68,15.68,7082600
4/25/2001,15.69,16.1,14.6,16.09,16.09,9317100
4/26/2001,16.25,16.5,15,15.43,15.43,5960600
4/27/2001,15.72,15.73,15.02,15.27,15.27,4446000
4/30/2001,15.63,16.9,15.59,15.78,15.78,5780300
5/1/2001,15.9,17,15.8,16.889999,16.889999,5107900
